date,sales,revenue,units_sold,temperature,day_of_week,is_weekend,is_promotion,is_event,month,season
2022-01-01,5932.66,5932.66,132,-10.528440514157912,5,1,0,0,1,winter
2022-01-02,4683.86,4683.86,104,-15.76370933734618,6,1,0,0,1,winter
2022-01-03,3648.85,3648.85,81,-9.15355434360017,0,0,0,0,1,winter
2022-01-04,4196.41,4196.41,93,-1.7941835947559444,1,0,0,0,1,winter
2022-01-05,3320.89,3320.89,74,-16.36822488077898,2,0,0,0,1,winter
2022-01-06,3787.66,3787.66,84,-16.294663706788423,3,0,0,0,1,winter
2022-01-07,5656.36,5656.36,126,-1.1057409485323735,4,0,0,0,1,winter
2022-01-08,6158.88,6158.88,137,-7.788656401799565,5,1,0,0,1,winter
2022-01-09,3856.67,3856.67,86,-18.010127418586364,6,1,0,0,1,winter
2022-01-10,3696.23,3696.23,82,-9.48622473579417,0,0,0,0,1,winter
2022-01-11,3676.11,3676.11,82,-17.77493936045847,1,0,0,0,1,winter
2022-01-12,3984.29,3984.29,89,-17.69565059550166,2,0,0,0,1,winter
2022-01-13,4296.91,4296.91,95,-11.69556755972972,3,0,0,0,1,winter
2022-01-14,3858.5,3858.5,86,-29.549209230854522,4,0,0,0,1,winter
2022-01-15,3925.14,3925.14,87,-27.86877831572559,5,1,0,0,1,winter
2022-01-16,4338.89,4338.89,96,-18.06544960723467,6,1,0,0,1,winter
2022-01-17,3677.87,3677.87,82,-21.70127198527065,0,0,0,0,1,winter
2022-01-18,4180.92,4180.92,93,-10.51964780553636,1,0,0,0,1,winter
2022-01-19,3816.7,3816.7,85,-20.578712616954043,2,0,0,0,1,winter
2022-01-20,4134.85,4134.85,92,-24.650656885264475,3,0,0,0,1,winter
2022-01-21,5371.05,5371.05,119,-0.5335166318999658,4,0,0,0,1,winter
2022-01-22,5451.01,5451.01,121,-14.490745255238304,5,1,0,0,1,winter
2022-01-23,4822.98,4822.98,107,-11.904824356421086,6,1,0,0,1,winter
2022-01-24,4031.37,4031.37,90,-24.19504985131502,0,0,0,0,1,winter
2022-01-25,3962.08,3962.08,88,-16.709608589486937,1,0,0,0,1,winter
2022-01-26,4376.22,4376.22,97,-11.096061408371265,2,0,0,0,1,winter
2022-01-27,4465.38,4465.38,99,-21.455797996537513,3,0,0,0,1,winter
2022-01-28,5070.64,5070.64,113,-8.573620946514366,4,0,0,0,1,winter
2022-01-29,5572.85,5572.85,124,-16.546544819249107,5,1,0,0,1,winter
2022-01-30,5139.23,5139.23,114,-13.805368375455743,6,1,0,0,1,winter
2022-01-31,3591.05,3591.05,80,-16.218803084026636,0,0,0,0,1,winter
2022-02-01,4682.14,4682.14,104,4.404396193114701,1,0,0,0,2,winter
2022-02-02,3970.29,3970.29,88,-10.967137447254801,2,0,0,0,2,winter
2022-02-03,3898.2,3898.2,87,-19.48910707552579,3,0,0,0,2,winter
2022-02-04,5023.74,5023.74,112,-3.637333971581463,4,0,0,0,2,winter
2022-02-05,5218.23,5218.23,116,-20.479488591446856,5,1,0,0,2,winter
2022-02-06,5754.55,5754.55,128,-8.37612432412122,6,1,0,0,2,winter
2022-02-07,3558.82,3558.82,79,-26.255103639298973,0,0,0,0,2,winter
2022-02-08,4087.54,4087.54,91,-20.797660489678307,1,0,0,0,2,winter
2022-02-09,4779.68,4779.68,106,-7.8909742144432995,2,0,0,0,2,winter
2022-02-10,4365.36,4365.36,97,-3.1768130599845916,3,0,0,0,2,winter
2022-02-11,5106.45,5106.45,113,-7.699084041810471,4,0,0,0,2,winter
2022-02-12,5465.0,5465.0,121,-9.884635990980122,5,1,0,0,2,winter
2022-02-13,4857.48,4857.48,108,-11.221201565051087,6,1,0,0,2,winter
2022-02-14,3657.92,3657.92,81,-20.821542930761993,0,0,0,0,2,winter
2022-02-15,4228.33,4228.33,94,-14.285231434136868,1,0,0,0,2,winter
2022-02-16,3909.64,3909.64,87,-11.90873399773939,2,0,0,0,2,winter
2022-02-17,5462.77,5462.77,121,0.9581177746743776,3,0,0,0,2,winter
2022-02-18,5190.5,5190.5,115,-4.766578411377721,4,0,0,0,2,winter
2022-02-19,5372.98,5372.98,119,-22.09863454708911,5,1,0,0,2,winter
2022-02-20,6336.16,6336.16,141,-4.480307856780202,6,1,0,0,2,winter
2022-02-21,3877.06,3877.06,86,-10.162273067012068,0,0,0,0,2,winter
2022-02-22,3538.65,3538.65,79,-12.364456795322482,1,0,0,0,2,winter
2022-02-23,4823.0,4823.0,107,-1.3943314812492353,2,0,0,0,2,winter
2022-02-24,5660.32,5660.32,126,2.333758648281507,3,0,0,0,2,winter
2022-02-25,6626.82,6626.82,147,1.7383478212120602,4,0,0,0,2,winter
2022-02-26,5359.81,5359.81,119,-12.77843045384276,5,1,0,0,2,winter
2022-02-27,5414.35,5414.35,120,-8.122637942120218,6,1,0,0,2,winter
2022-02-28,4276.99,4276.99,95,-2.5446132376158745,0,0,0,0,2,winter
2022-03-01,4937.43,4937.43,110,3.066699232107961,1,0,0,0,3,winter
2022-03-02,6055.87,6055.87,135,-8.812163574096218,2,0,0,0,3,winter
2022-03-03,4633.4,4633.4,103,-6.120976508709479,3,0,0,0,3,winter
2022-03-04,5916.48,5916.48,131,-13.546694609926037,4,0,0,0,3,winter
2022-03-05,6568.61,6568.61,146,-14.047760897017174,5,1,0,0,3,winter
2022-03-06,6344.0,6344.0,141,2.9407490932088463,6,1,0,0,3,winter
2022-03-07,4766.28,4766.28,106,7.72190874800094,0,0,0,0,3,winter
2022-03-08,5135.03,5135.03,114,-3.9289070415652647,1,0,0,0,3,winter
2022-03-09,5128.27,5128.27,114,5.2862066510709145,2,0,0,0,3,winter
2022-03-10,5697.12,5697.12,127,0.19023289441495495,3,0,0,0,3,winter
2022-03-11,5672.17,5672.17,126,-7.945395117764866,4,0,0,0,3,winter
2022-03-12,7035.35,7035.35,156,0.6969977359392323,5,1,0,0,3,winter
2022-03-13,5694.75,5694.75,127,10.757789805517438,6,1,0,0,3,winter
2022-03-14,,4896.96,109,-2.1016709994065534,0,0,0,0,3,winter
2022-03-15,5024.47,5024.47,112,11.492171670071864,1,0,0,0,3,winter
2022-03-16,4928.56,4928.56,110,-23.12068118180957,2,0,0,0,3,winter
2022-03-17,5579.14,5579.14,124,5.817151134425401,3,0,0,0,3,winter
2022-03-18,5291.05,5291.05,118,-0.04890277303071289,4,0,0,0,3,winter
2022-03-19,7408.74,7408.74,165,-3.0080520948900817,5,1,0,0,3,winter
2022-03-20,,5464.06,121,0.5064727954583323,6,1,0,0,3,winter
2022-03-21,3843.13,3843.13,85,-16.563074288340776,0,0,0,0,3,winter
2022-03-22,4812.67,4812.67,107,-1.5723987229750793,1,0,0,0,3,winter
2022-03-23,,5922.91,132,3.4922622702724064,2,0,0,0,3,winter
2022-03-24,4658.88,4658.88,104,13.090078714528108,3,0,0,0,3,winter
2022-03-25,7734.59,7734.59,172,-3.2868820835789307,4,0,0,0,3,winter
2022-03-26,6950.64,6950.64,154,-5.447974709714867,5,1,0,0,3,winter
2022-03-27,6010.03,6010.03,134,-2.634783234826282,6,1,0,0,3,winter
2022-03-28,4759.88,4759.88,106,9.431471654340909,0,0,0,0,3,winter
2022-03-29,5178.64,5178.64,115,4.7987741621963425,1,0,0,0,3,winter
2022-03-30,5567.85,5567.85,124,-2.100036054761106,2,0,0,0,3,winter
2022-03-31,5917.39,5917.39,131,6.846625772000131,3,0,0,0,3,winter
2022-04-01,6465.27,6465.27,144,3.1469924788087975,4,0,0,0,4,spring
2022-04-02,6801.57,6801.57,151,6.305384133138919,5,1,0,0,4,spring
2022-04-03,5815.83,5815.83,129,0.9886457154713075,6,1,0,0,4,spring
2022-04-04,4725.6,4725.6,105,2.4878843347633577,0,0,0,0,4,spring
2022-04-05,4985.65,4985.65,111,2.5232722496356126,1,0,0,0,4,spring
2022-04-06,5830.41,5830.41,130,-0.7990107974288128,2,0,0,0,4,spring
2022-04-07,5893.43,5893.43,131,5.314304083424388,3,0,0,0,4,spring
2022-04-08,4732.4,4732.4,105,5.444002610443967,4,0,0,0,4,spring
2022-04-09,7103.52,7103.52,158,4.836089780860337,5,1,0,0,4,spring
2022-04-10,5996.46,5996.46,133,4.28088638266121,6,1,0,0,4,spring
2022-04-11,4771.52,4771.52,106,0.5872393591441938,0,0,0,0,4,spring
2022-04-12,4901.18,4901.18,109,4.143717067475565,1,0,0,0,4,spring
2022-04-13,5817.84,5817.84,129,4.642569371898208,2,0,0,0,4,spring
2022-04-14,6042.66,6042.66,134,3.3480622740175323,3,0,0,0,4,spring
2022-04-15,5794.44,5794.44,129,5.720285000298055,4,0,0,0,4,spring
2022-04-16,6954.47,6954.47,155,7.838470077638262,5,1,0,0,4,spring
2022-04-17,5432.84,5432.84,121,13.010726463474594,6,1,0,0,4,spring
2022-04-18,4240.44,4240.44,94,7.5351801063155595,0,0,0,0,4,spring
2022-04-19,4791.52,4791.52,106,8.039508904146041,1,0,0,0,4,spring
2022-04-20,5689.09,5689.09,126,7.1584801998457674,2,0,0,0,4,spring
2022-04-21,6025.87,6025.87,134,1.2341601067847616,3,0,0,0,4,spring
2022-04-22,6407.93,6407.93,142,7.762854525652531,4,0,0,0,4,spring
2022-04-23,7100.02,7100.02,158,8.270844939544583,5,1,0,0,4,spring
2022-04-24,6110.47,6110.47,136,16.497336739131917,6,1,0,0,4,spring
2022-04-25,4503.6,4503.6,100,7.85932312842969,0,0,0,0,4,spring
2022-04-26,5196.51,5196.51,115,9.717161909585723,1,0,0,0,4,spring
2022-04-27,5637.38,5637.38,125,8.805194405393973,2,0,0,0,4,spring
2022-04-28,5909.02,5909.02,131,5.231559592995117,3,0,0,0,4,spring
2022-04-29,6707.76,6707.76,149,13.140110608329747,4,0,0,0,4,spring
2022-04-30,7054.87,7054.87,157,12.03792795564191,5,1,0,0,4,spring
2022-05-01,6001.14,6001.14,133,12.366216572334878,6,1,0,0,5,spring
2022-05-02,5125.25,5125.25,114,6.893227757651712,0,0,0,0,5,spring
2022-05-03,4983.66,4983.66,111,14.792635318947845,1,0,0,0,5,spring
2022-05-04,4895.23,4895.23,109,5.632954632380733,2,0,0,0,5,spring
2022-05-05,8061.51,8061.51,179,12.448065218442274,3,0,1,0,5,spring
2022-05-06,8567.47,8567.47,190,17.97636808692655,4,0,1,0,5,spring
2022-05-07,9121.37,9121.37,203,7.5528728240030585,5,1,1,0,5,spring
2022-05-08,5730.83,5730.83,127,9.143596245783876,6,1,0,0,5,spring
2022-05-09,4391.26,4391.26,98,11.536752532407132,0,0,0,0,5,spring
2022-05-10,4836.64,4836.64,107,9.696334946791106,1,0,0,0,5,spring
2022-05-11,4436.36,4436.36,99,6.372344299705291,2,0,0,0,5,spring
2022-05-12,5591.04,5591.04,124,11.932981015415058,3,0,0,0,5,spring
2022-05-13,6040.41,6040.41,134,8.323172472264641,4,0,0,0,5,spring
2022-05-14,,6150.78,137,13.599057758070753,5,1,0,0,5,spring
2022-05-15,6054.57,6054.57,135,9.108338437664404,6,1,0,0,5,spring
2022-05-16,4998.7,4998.7,111,17.488596316261344,0,0,0,0,5,spring
2022-05-17,4284.77,4284.77,95,9.856715087699662,1,0,0,0,5,spring
2022-05-18,4867.24,4867.24,108,11.53573769716492,2,0,0,0,5,spring
2022-05-19,5113.79,5113.79,114,15.458980430811817,3,0,0,0,5,spring
2022-05-20,5535.77,5535.77,123,8.778578319357191,4,0,0,0,5,spring
2022-05-21,6953.74,6953.74,155,13.770045102957717,5,1,0,0,5,spring
2022-05-22,5609.53,5609.53,125,17.495518091438402,6,1,0,0,5,spring
2022-05-23,4508.53,4508.53,100,7.902735200613028,0,0,0,0,5,spring
2022-05-24,4089.18,4089.18,91,13.99516639200091,1,0,0,0,5,spring
2022-05-25,5393.76,5393.76,120,14.360739025611727,2,0,0,0,5,spring
2022-05-26,4860.06,4860.06,108,16.21128343129724,3,0,0,0,5,spring
2022-05-27,5953.82,5953.82,132,9.588750786519732,4,0,0,0,5,spring
2022-05-28,6597.36,6597.36,147,9.413047272135266,5,1,0,0,5,spring
2022-05-29,,6252.34,139,15.652930472410942,6,1,0,0,5,spring
2022-05-30,4080.16,4080.16,91,14.997507343121164,0,0,0,0,5,spring
2022-05-31,3653.93,3653.93,81,14.93281703694802,1,0,0,0,5,spring
2022-06-01,5370.45,5370.45,119,15.916186858892017,2,0,0,0,6,summer
2022-06-02,6363.63,6363.63,141,10.86572413653485,3,0,0,0,6,summer
2022-06-03,6714.42,6714.42,149,15.504790884683601,4,0,0,0,6,summer
2022-06-04,6765.17,6765.17,150,15.882309124577919,5,1,0,0,6,summer
2022-06-05,5583.81,5583.81,124,10.914341974690984,6,1,0,0,6,summer
2022-06-06,5000.88,5000.88,111,23.879831383496388,0,0,0,0,6,summer
2022-06-07,4578.9,4578.9,102,16.980671432145243,1,0,0,0,6,summer
2022-06-08,5432.14,5432.14,121,8.711207636571608,2,0,0,0,6,summer
2022-06-09,5721.18,5721.18,127,18.00236509724329,3,0,0,0,6,summer
2022-06-10,6550.54,6550.54,146,9.893698900144775,4,0,0,0,6,summer
2022-06-11,8027.79,8027.79,178,18.745664654622054,5,1,0,0,6,summer
2022-06-12,5924.33,5924.33,132,20.641965321347314,6,1,0,0,6,summer
2022-06-13,4452.78,4452.78,99,10.779921549510432,0,0,0,0,6,summer
2022-06-14,4896.12,4896.12,109,19.730149249630887,1,0,0,0,6,summer
2022-06-15,5148.8,5148.8,114,17.002689576890177,2,0,0,1,6,summer
2022-06-16,5129.98,5129.98,114,19.070175396594784,3,0,0,0,6,summer
2022-06-17,5769.01,5769.01,128,24.4604962306032,4,0,0,0,6,summer
2022-06-18,6222.4,6222.4,138,13.7618095885809,5,1,0,0,6,summer
2022-06-19,5741.64,5741.64,128,11.227846707910917,6,1,0,0,6,summer
2022-06-20,4282.03,4282.03,95,10.552288947915235,0,0,0,0,6,summer
2022-06-21,5278.72,5278.72,117,10.919698454993876,1,0,0,0,6,summer
2022-06-22,5104.01,5104.01,113,14.60768566323984,2,0,0,0,6,summer
2022-06-23,5358.55,5358.55,119,16.688955607858723,3,0,0,0,6,summer
2022-06-24,5733.31,5733.31,127,16.35221140963098,4,0,0,0,6,summer
2022-06-25,6490.53,6490.53,144,19.08579977149267,5,1,0,0,6,summer
2022-06-26,5968.56,5968.56,133,14.991589125899997,6,1,0,0,6,summer
2022-06-27,4210.1,4210.1,94,22.1665231247978,0,0,0,0,6,summer
2022-06-28,4529.22,4529.22,101,13.54342679371204,1,0,0,0,6,summer
2022-06-29,5524.27,5524.27,123,28.4310096864332,2,0,0,1,6,summer
2022-06-30,4722.11,4722.11,105,17.917558988282487,3,0,0,0,6,summer
2022-07-01,5429.13,5429.13,121,10.458110497618321,4,0,0,0,7,summer
2022-07-02,6084.91,6084.91,135,9.33974288437679,5,1,0,0,7,summer
2022-07-03,5910.97,5910.97,131,17.052520335701452,6,1,0,0,7,summer
2022-07-04,4557.37,4557.37,101,13.464459022806665,0,0,0,0,7,summer
2022-07-05,4790.11,4790.11,106,18.08906921582142,1,0,0,0,7,summer
2022-07-06,5307.78,5307.78,118,16.818246351329954,2,0,0,0,7,summer
2022-07-07,5163.57,5163.57,115,14.016622691525082,3,0,0,0,7,summer
2022-07-08,5910.98,5910.98,131,10.07124635911466,4,0,0,0,7,summer
2022-07-09,6189.39,6189.39,138,6.65118757675325,5,1,0,0,7,summer
2022-07-10,5565.96,5565.96,124,11.908842390521205,6,1,0,0,7,summer
2022-07-11,4198.29,4198.29,93,18.335214166048836,0,0,0,0,7,summer
2022-07-12,3745.67,3745.67,83,15.031327686220711,1,0,0,0,7,summer
2022-07-13,5688.33,5688.33,126,7.63566693933646,2,0,0,1,7,summer
2022-07-14,5737.04,5737.04,127,14.629659020146816,3,0,0,0,7,summer
2022-07-15,6073.99,6073.99,135,15.585656350057429,4,0,0,0,7,summer
2022-07-16,6632.76,6632.76,147,9.131049853864603,5,1,0,0,7,summer
2022-07-17,5909.03,5909.03,131,14.206214890751275,6,1,0,0,7,summer
2022-07-18,4375.54,4375.54,97,13.611903431672399,0,0,0,0,7,summer
2022-07-19,4664.03,4664.03,104,7.485331570449921,1,0,0,0,7,summer
2022-07-20,4598.42,4598.42,102,14.864531582381245,2,0,0,0,7,summer
2022-07-21,4953.93,4953.93,110,15.751054552589842,3,0,0,0,7,summer
2022-07-22,5855.06,5855.06,130,18.230088762123792,4,0,0,0,7,summer
2022-07-23,6661.26,6661.26,148,17.947746120470462,5,1,0,0,7,summer
2022-07-24,5247.46,5247.46,117,5.650535351494101,6,1,0,0,7,summer
2022-07-25,4133.48,4133.48,92,7.706187781283031,0,0,0,0,7,summer
2022-07-26,4531.97,4531.97,101,14.82324710773204,1,0,0,0,7,summer
2022-07-27,5925.61,5925.61,132,14.666128949375215,2,0,0,1,7,summer
2022-07-28,5206.37,5206.37,116,14.517981388269478,3,0,0,1,7,summer
2022-07-29,4047.08,4047.08,90,31.048405279454325,4,0,0,0,7,summer
2022-07-30,5734.48,5734.48,127,14.477713173971445,5,1,0,0,7,summer
2022-07-31,4727.82,4727.82,105,17.136157392761135,6,1,0,0,7,summer
2022-08-01,4658.83,4658.83,104,16.060011230446136,0,0,0,1,8,summer
2022-08-02,4489.78,4489.78,100,14.375286419257929,1,0,0,0,8,summer
2022-08-03,4614.11,4614.11,103,9.367017088095585,2,0,0,0,8,summer
2022-08-04,5615.77,5615.77,125,14.559999807605767,3,0,0,0,8,summer
2022-08-05,5669.42,5669.42,126,6.71962807891981,4,0,0,0,8,summer
2022-08-06,6161.9,6161.9,137,9.215125369604621,5,1,0,0,8,summer
2022-08-07,5518.11,5518.11,123,7.784783403009724,6,1,0,0,8,summer
2022-08-08,3861.27,3861.27,86,10.430328660134615,0,0,0,0,8,summer
2022-08-09,4864.33,4864.33,108,21.400638191503823,1,0,0,0,8,summer
2022-08-10,5290.76,5290.76,118,0.2944947355897156,2,0,0,1,8,summer
2022-08-11,5241.09,5241.09,116,12.862743170810083,3,0,0,0,8,summer
2022-08-12,4994.79,4994.79,111,1.165689643501656,4,0,0,0,8,summer
2022-08-13,5211.13,5211.13,116,6.664701619426671,5,1,0,0,8,summer
2022-08-14,5539.34,5539.34,123,14.261531769223929,6,1,0,0,8,summer
2022-08-15,5918.06,5918.06,132,8.927984114042182,0,0,1,0,8,summer
2022-08-16,5972.54,5972.54,133,3.005115046506117,1,0,1,0,8,summer
2022-08-17,5805.01,5805.01,129,4.602088031809924,2,0,1,0,8,summer
2022-08-18,5366.25,5366.25,119,11.35893946710238,3,0,0,0,8,summer
2022-08-19,4893.24,4893.24,109,4.08910270665211,4,0,0,0,8,summer
2022-08-20,6665.62,6665.62,148,8.600920149596512,5,1,0,0,8,summer
2022-08-21,4777.18,4777.18,106,7.521949806149419,6,1,0,0,8,summer
2022-08-22,4374.62,4374.62,97,3.809390877078871,0,0,0,0,8,summer
2022-08-23,4285.53,4285.53,95,17.558320849253512,1,0,0,0,8,summer
2022-08-24,5352.74,5352.74,119,9.777376876847482,2,0,0,1,8,summer
2022-08-25,4665.79,4665.79,104,-3.7507078337447233,3,0,0,0,8,summer
2022-08-26,5289.71,5289.71,118,7.072610956081458,4,0,0,0,8,summer
2022-08-27,5859.01,5859.01,130,2.5949218260050615,5,1,0,0,8,summer
2022-08-28,4694.86,4694.86,104,9.927786152040593,6,1,0,0,8,summer
2022-08-29,4371.89,4371.89,97,1.463102268783012,0,0,0,0,8,summer
2022-08-30,4186.11,4186.11,93,4.610502482726507,1,0,0,0,8,summer
2022-08-31,4518.83,4518.83,100,7.466063628270241,2,0,0,0,8,summer
2022-09-01,4175.49,4175.49,93,7.582456261271142,3,0,0,0,9,fall
2022-09-02,3962.9,3962.9,88,0.4497042655831063,4,0,0,0,9,fall
2022-09-03,5349.26,5349.26,119,3.0884560085184107,5,1,0,0,9,fall
2022-09-04,5665.04,5665.04,126,2.3718313537169182,6,1,0,0,9,fall
2022-09-05,4081.43,4081.43,91,1.5275685986349932,0,0,0,0,9,fall
2022-09-06,4056.27,4056.27,90,9.33943252106284,1,0,0,0,9,fall
2022-09-07,4916.61,4916.61,109,4.552752768133461,2,0,0,1,9,fall
2022-09-08,4514.19,4514.19,100,-1.2528531675465038,3,0,0,0,9,fall
2022-09-09,51694.399999999994,5169.44,115,5.756038609399356,4,0,0,0,9,fall
2022-09-10,4888.72,4888.72,109,9.515959184119868,5,1,0,0,9,fall
2022-09-11,5141.17,5141.17,114,5.62853882230195,6,1,0,0,9,fall
2022-09-12,4037.1,4037.1,90,-3.133343891391325,0,0,0,0,9,fall
2022-09-13,4272.63,4272.63,95,0.06077153060458884,1,0,0,0,9,fall
2022-09-14,4411.79,4411.79,98,5.641088411213396,2,0,0,0,9,fall
2022-09-15,4491.0,4491.0,100,-1.1981010302273243,3,0,0,0,9,fall
2022-09-16,5194.99,5194.99,115,2.382597254307657,4,0,0,0,9,fall
2022-09-17,562.951,5629.51,125,3.227447006499082,5,1,0,0,9,fall
2022-09-18,4567.77,4567.77,102,-2.7024916351866137,6,1,0,0,9,fall
2022-09-19,3629.29,3629.29,81,-0.06931290020900316,0,0,0,0,9,fall
2022-09-20,3855.87,3855.87,86,-10.933329420227228,1,0,0,0,9,fall
2022-09-21,5283.02,5283.02,117,-3.8019020745212853,2,0,0,1,9,fall
2022-09-22,4027.19,4027.19,89,-1.4872273330451562,3,0,0,0,9,fall
2022-09-23,4121.9,4121.9,92,-5.062476433703058,4,0,0,0,9,fall
2022-09-24,,5432.29,121,4.280573824603503,5,1,0,0,9,fall
2022-09-25,4474.11,4474.11,99,-6.185189173793432,6,1,0,0,9,fall
2022-09-26,3849.11,3849.11,86,-3.141700062482029,0,0,0,0,9,fall
2022-09-27,4097.76,4097.76,91,-1.4954207375017385,1,0,0,0,9,fall
2022-09-28,4166.54,4166.54,93,2.6172563430889353,2,0,0,0,9,fall
2022-09-29,4747.75,4747.75,106,-7.228312364675878,3,0,0,0,9,fall
2022-09-30,4282.87,4282.87,95,1.1807137212997665,4,0,0,0,9,fall
2022-10-01,5003.56,5003.56,111,-2.91598314350502,5,1,0,0,10,fall
2022-10-02,4418.03,4418.03,98,-6.474509235090109,6,1,0,0,10,fall
2022-10-03,3297.49,3297.49,73,-1.914240139248277,0,0,0,0,10,fall
2022-10-04,3964.0,3964.0,88,-3.0418003886357954,1,0,0,0,10,fall
2022-10-05,5348.72,5348.72,119,-5.955705314782757,2,0,0,1,10,fall
2022-10-06,4476.77,4476.77,99,-3.9707865113548446,3,0,0,0,10,fall
2022-10-07,4757.98,4757.98,106,-5.735070945308219,4,0,0,0,10,fall
2022-10-08,4825.44,4825.44,107,-4.318214463199907,5,1,0,0,10,fall
2022-10-09,4465.74,4465.74,99,-2.734024984964463,6,1,0,0,10,fall
2022-10-10,3689.99,3689.99,82,0.10253803042350729,0,0,0,0,10,fall
2022-10-11,3730.95,3730.95,83,-9.551757623702676,1,0,0,0,10,fall
2022-10-12,4692.02,4692.02,104,1.4444917707947527,2,0,0,0,10,fall
2022-10-13,4447.88,4447.88,99,-12.41081348158867,3,0,0,0,10,fall
2022-10-14,4269.65,4269.65,95,-6.646289699019594,4,0,0,0,10,fall
2022-10-15,5490.88,5490.88,122,-4.41394774459472,5,1,0,0,10,fall
2022-10-16,4657.42,4657.42,103,-5.671142206140653,6,1,0,0,10,fall
2022-10-17,3959.18,3959.18,88,-8.91426546869553,0,0,0,0,10,fall
2022-10-18,4330.53,4330.53,96,-7.76113344963221,1,0,0,0,10,fall
2022-10-19,4261.59,4261.59,95,-8.93742705549313,2,0,0,1,10,fall
2022-10-20,4000.68,4000.68,89,-9.483176391500672,3,0,0,0,10,fall
2022-10-21,4459.04,4459.04,99,-4.908928875167707,4,0,0,0,10,fall
2022-10-22,5046.3,5046.3,112,-6.770899102545506,5,1,0,0,10,fall
2022-10-23,4671.86,4671.86,104,-10.488305228978609,6,1,0,0,10,fall
2022-10-24,3937.64,3937.64,88,-5.395172684708475,0,0,0,0,10,fall
2022-10-25,3844.33,3844.33,85,-7.582252282309501,1,0,0,0,10,fall
2022-10-26,3982.28,3982.28,88,-6.107238388257233,2,0,0,0,10,fall
2022-10-27,4358.74,4358.74,97,-6.925598141961799,3,0,0,0,10,fall
2022-10-28,4425.4,4425.4,98,-11.99258570252349,4,0,0,0,10,fall
2022-10-29,6044.89,6044.89,134,-11.298712352927417,5,1,0,0,10,fall
2022-10-30,,3953.45,88,-7.139842014804248,6,1,0,0,10,fall
2022-10-31,3731.48,3731.48,83,-7.792777806691392,0,0,0,0,10,fall
2022-11-01,4529.25,4529.25,101,-10.090629943083494,1,0,0,0,11,fall
2022-11-02,4877.18,4877.18,108,-9.8205098644593,2,0,0,1,11,fall
2022-11-03,4276.28,4276.28,95,-6.14033541734324,3,0,0,0,11,fall
2022-11-04,4646.04,4646.04,103,-12.555658781060426,4,0,0,0,11,fall
2022-11-05,5149.23,5149.23,114,-8.941495767905963,5,1,0,0,11,fall
2022-11-06,5080.62,5080.62,113,-11.617338819410294,6,1,0,0,11,fall
2022-11-07,3054.42,3054.42,68,-11.843934173486337,0,0,0,0,11,fall
2022-11-08,4417.77,4417.77,98,-7.627412906356157,1,0,0,0,11,fall
2022-11-09,3685.88,3685.88,82,-8.706941361898043,2,0,0,0,11,fall
2022-11-10,4291.68,4291.68,95,-8.911561833836814,3,0,0,0,11,fall
2022-11-11,4665.19,4665.19,104,-7.433151802332953,4,0,0,0,11,fall
2022-11-12,5526.98,5526.98,123,-11.8727301512967,5,1,0,0,11,fall
2022-11-13,4034.51,4034.51,90,-9.824022623830956,6,1,0,0,11,fall
2022-11-14,3889.49,3889.49,86,-13.282293293666923,0,0,0,0,11,fall
2022-11-15,4622.12,4622.12,103,-11.314758472563835,1,0,0,0,11,fall
2022-11-16,3747.19,3747.19,83,-12.972692372505163,2,0,0,0,11,fall
2022-11-17,4501.96,4501.96,100,-12.355415976986889,3,0,0,0,11,fall
2022-11-18,4627.65,4627.65,103,-10.830975794791025,4,0,0,0,11,fall
2022-11-19,4940.55,4940.55,110,-15.67453419819358,5,1,0,0,11,fall
2022-11-20,4687.72,4687.72,104,-6.100970528354957,6,1,0,0,11,fall
2022-11-21,3221.89,3221.89,72,-16.553574331268706,0,0,0,0,11,fall
2022-11-22,3743.0,3743.0,83,-17.3681552154015,1,0,0,0,11,fall
2022-11-23,4872.18,4872.18,108,-9.577219782690074,2,0,0,0,11,fall
2022-11-24,4421.33,4421.33,98,-10.911461388327142,3,0,0,0,11,fall
2022-11-25,6815.02,6815.02,151,-11.578670061239393,4,0,1,0,11,fall
2022-11-26,6373.26,6373.26,142,-11.669269360009967,5,1,1,0,11,fall
2022-11-27,603.532,6035.32,134,-13.905183409052782,6,1,1,0,11,fall
2022-11-28,3570.49,3570.49,79,-16.95170687052246,0,0,0,0,11,fall
2022-11-29,4563.58,4563.58,101,-13.800538333785719,1,0,0,0,11,fall
2022-11-30,3969.93,3969.93,88,-16.398622855896683,2,0,0,0,11,fall
2022-12-01,4860.65,4860.65,108,-6.0994259217013145,3,0,0,0,12,winter
2022-12-02,4915.38,4915.38,109,-15.53069312864117,4,0,0,0,12,winter
2022-12-03,4834.88,4834.88,107,-21.25991056141371,5,1,0,0,12,winter
2022-12-04,4937.11,4937.11,110,-17.13027357557051,6,1,0,0,12,winter
2022-12-05,4570.02,4570.02,102,-11.077971293064092,0,0,0,0,12,winter
2022-12-06,3905.01,3905.01,87,-19.279477556135706,1,0,0,0,12,winter
2022-12-07,4123.5,4123.5,92,-21.491994889205785,2,0,0,0,12,winter
2022-12-08,5157.6,5157.6,115,-12.663478612249747,3,0,0,0,12,winter
2022-12-09,,5371.23,119,-12.702510187127043,4,0,0,0,12,winter
2022-12-10,5414.04,5414.04,120,-19.013748710883537,5,1,0,0,12,winter
2022-12-11,,5573.06,124,-18.75548306697113,6,1,0,0,12,winter
2022-12-12,4239.89,4239.89,94,-12.932961481921517,0,0,0,0,12,winter
2022-12-13,3284.15,3284.15,73,-26.966222251488915,1,0,0,0,12,winter
2022-12-14,3390.55,3390.55,75,-26.655444452981754,2,0,0,0,12,winter
2022-12-15,4852.03,4852.03,108,-20.936918703416183,3,0,0,0,12,winter
2022-12-16,4973.93,4973.93,111,-16.747483677246276,4,0,0,0,12,winter
2022-12-17,5845.34,5845.34,130,-12.392299353792131,5,1,0,0,12,winter
2022-12-18,6291.4,6291.4,140,-2.6985590690640926,6,1,0,0,12,winter
2022-12-19,4882.31,4882.31,108,-7.851586353137573,0,0,0,0,12,winter
2022-12-20,3961.84,3961.84,88,-16.332682179071412,1,0,0,0,12,winter
2022-12-21,3744.3,3744.3,83,-15.154995928887438,2,0,0,0,12,winter
2022-12-22,,5016.47,111,-23.343161540576993,3,0,0,0,12,winter
2022-12-23,4836.31,4836.31,107,-15.13080745060338,4,0,0,0,12,winter
2022-12-24,5946.37,5946.37,132,-17.365363254290152,5,1,0,0,12,winter
2022-12-25,4616.31,4616.31,103,-12.249463606056942,6,1,0,0,12,winter
2022-12-26,4261.01,4261.01,95,-21.806859799678637,0,0,0,0,12,winter
2022-12-27,4258.69,4258.69,95,-10.55544552259255,1,0,0,0,12,winter
2022-12-28,5556.74,5556.74,123,-2.0761631512888137,2,0,0,0,12,winter
2022-12-29,4711.79,4711.79,105,-15.716576206383609,3,0,0,0,12,winter
2022-12-30,5355.01,5355.01,119,-11.419509567123539,4,0,0,0,12,winter
2022-12-31,6130.48,6130.48,136,-8.9683971231482,5,1,0,0,12,winter
2023-01-01,4523.42,4523.42,101,-18.01122905496682,6,1,0,0,1,winter
2023-01-02,3921.26,3921.26,87,-12.744069479166168,0,0,0,0,1,winter
2023-01-03,4319.19,4319.19,96,-14.446022154590983,1,0,0,0,1,winter
2023-01-04,5055.45,5055.45,112,-13.672131576915893,2,0,0,0,1,winter
2023-01-05,3604.83,3604.83,80,-20.858694956880065,3,0,0,0,1,winter
2023-01-06,5733.82,5733.82,127,-14.139270946720728,4,0,0,0,1,winter
2023-01-07,5597.1,5597.1,124,-10.115861984048554,5,1,0,0,1,winter
2023-01-08,4755.38,4755.38,106,-2.0910824131151227,6,1,0,0,1,winter
2023-01-09,3528.79,3528.79,78,-6.1039173184183735,0,0,0,0,1,winter
2023-01-10,4344.3,4344.3,97,3.9356287135857606,1,0,0,0,1,winter
2023-01-11,4258.71,4258.71,95,-20.30768827775503,2,0,0,0,1,winter
2023-01-12,4628.56,4628.56,103,-6.545230676410534,3,0,0,0,1,winter
2023-01-13,5778.13,5778.13,128,-12.184069774960408,4,0,0,0,1,winter
2023-01-14,5243.49,5243.49,117,4.643150584774396,5,1,0,0,1,winter
2023-01-15,4417.14,4417.14,98,-20.23028208940991,6,1,0,0,1,winter
2023-01-16,3227.42,3227.42,72,-20.37740221506636,0,0,0,0,1,winter
2023-01-17,3916.43,3916.43,87,-18.25595136118397,1,0,0,0,1,winter
2023-01-18,3550.33,3550.33,79,-30.837506613078702,2,0,0,0,1,winter
2023-01-19,4103.18,4103.18,91,-17.393137168283626,3,0,0,0,1,winter
2023-01-20,3705.21,3705.21,82,-19.207564887084526,4,0,0,0,1,winter
2023-01-21,5809.04,5809.04,129,-11.493974818944519,5,1,0,0,1,winter
2023-01-22,5188.52,5188.52,115,-9.76130961970751,6,1,0,0,1,winter
2023-01-23,4419.02,4419.02,98,3.1671975979786016,0,0,0,0,1,winter
2023-01-24,4990.31,4990.31,111,-4.401949647985794,1,0,0,0,1,winter
2023-01-25,3732.77,3732.77,83,-16.980616348963775,2,0,0,0,1,winter
2023-01-26,4540.11,4540.11,101,-19.507205250523132,3,0,0,0,1,winter
2023-01-27,5809.77,5809.77,129,-7.764858422130776,4,0,0,0,1,winter
2023-01-28,4448.75,4448.75,99,-22.706381157900317,5,1,0,0,1,winter
2023-01-29,5486.17,5486.17,122,3.7209339788605487,6,1,0,0,1,winter
2023-01-30,4163.53,4163.53,93,-1.5459194545010444,0,0,0,0,1,winter
2023-01-31,3886.35,3886.35,86,-15.114378416320868,1,0,0,0,1,winter
2023-02-01,3501.46,3501.46,78,-25.307376420217096,2,0,0,0,2,winter
2023-02-02,4932.05,4932.05,110,0.4276092102730882,3,0,0,0,2,winter
2023-02-03,5082.14,5082.14,113,-11.629348044665102,4,0,0,0,2,winter
2023-02-04,6197.17,6197.17,138,-0.17673897266252325,5,1,0,0,2,winter
2023-02-05,4204.05,4204.05,93,-23.59268866497473,6,1,0,0,2,winter
2023-02-06,3409.52,3409.52,76,-15.11144614044229,0,0,0,0,2,winter
2023-02-07,4666.63,4666.63,104,-9.880821775982648,1,0,0,0,2,winter
2023-02-08,4249.64,4249.64,94,-9.337938467485204,2,0,0,0,2,winter
2023-02-09,5197.11,5197.11,115,-13.282030109013027,3,0,0,0,2,winter
2023-02-10,5934.15,5934.15,132,-4.140285123717189,4,0,0,0,2,winter
2023-02-11,4580.87,4580.87,102,-18.02398996324851,5,1,0,0,2,winter
2023-02-12,4923.35,4923.35,109,-10.10739601292223,6,1,0,0,2,winter
2023-02-13,4623.64,4623.64,103,-7.709540504207857,0,0,0,0,2,winter
2023-02-14,4341.24,4341.24,96,-4.2135360605438565,1,0,0,0,2,winter
2023-02-15,4795.1,4795.1,107,-2.356405713440213,2,0,0,0,2,winter
2023-02-16,4627.35,4627.35,103,-17.442095005056736,3,0,0,0,2,winter
2023-02-17,5223.72,5223.72,116,-20.63551886661344,4,0,0,0,2,winter
2023-02-18,6190.58,6190.58,138,3.017242691372676,5,1,0,0,2,winter
2023-02-19,5270.99,5270.99,117,-4.637349819236394,6,1,0,0,2,winter
2023-02-20,4747.95,4747.95,106,-13.418395406374774,0,0,0,0,2,winter
2023-02-21,5419.28,5419.28,120,5.973012399144929,1,0,0,0,2,winter
2023-02-22,5150.9,5150.9,114,-5.7594848403323375,2,0,0,0,2,winter
2023-02-23,5335.74,5335.74,119,3.3358426456087535,3,0,0,0,2,winter
2023-02-24,5186.34,5186.34,115,-5.695250027433844,4,0,0,0,2,winter
2023-02-25,5951.46,5951.46,132,11.150579535926964,5,1,0,0,2,winter
2023-02-26,5818.11,5818.11,129,8.842889260039264,6,1,0,0,2,winter
2023-02-27,444371.0,4443.71,99,-7.620569380685708,0,0,0,0,2,winter
2023-02-28,5335.63,5335.63,119,2.7912827586407207,1,0,0,0,2,winter
2023-03-01,5640.32,5640.32,125,0.315289419297863,2,0,0,0,3,winter
2023-03-02,4969.86,4969.86,110,6.586218054050772,3,0,0,0,3,winter
2023-03-03,6406.38,6406.38,142,-12.614847208011874,4,0,0,0,3,winter
2023-03-04,6249.66,6249.66,139,1.3898590067778596,5,1,0,0,3,winter
2023-03-05,5765.67,5765.67,128,4.740831694068316,6,1,0,0,3,winter
2023-03-06,4178.67,4178.67,93,-18.48646181360209,0,0,0,0,3,winter
2023-03-07,5626.76,5626.76,125,-13.440579095637379,1,0,0,0,3,winter
2023-03-08,5727.37,5727.37,127,-20.322424176396655,2,0,0,0,3,winter
2023-03-09,5662.06,5662.06,126,-5.3216244517339355,3,0,0,0,3,winter
2023-03-10,,6165.66,137,3.1561181506510234,4,0,0,0,3,winter
2023-03-11,7123.33,7123.33,158,9.950244938078072,5,1,0,0,3,winter
2023-03-12,6406.29,6406.29,142,-1.697175806466091,6,1,0,0,3,winter
2023-03-13,4721.15,4721.15,105,11.512614631395127,0,0,0,0,3,winter
2023-03-14,5577.52,5577.52,124,-13.303966158614386,1,0,0,0,3,winter
2023-03-15,4693.79,4693.79,104,-15.74137912300448,2,0,0,0,3,winter
2023-03-16,5938.41,5938.41,132,-1.7523694718668534,3,0,0,0,3,winter
2023-03-17,6620.41,6620.41,147,2.168509005792763,4,0,0,0,3,winter
2023-03-18,7091.92,7091.92,158,-1.046751242466249,5,1,0,0,3,winter
2023-03-19,5447.64,5447.64,121,-17.74500834134016,6,1,0,0,3,winter
2023-03-20,4623.95,4623.95,103,-1.0008673382774238,0,0,0,0,3,winter
2023-03-21,4676.21,4676.21,104,-10.870579170873778,1,0,0,0,3,winter
2023-03-22,4961.99,4961.99,110,5.838804915921175,2,0,0,0,3,winter
2023-03-23,5930.73,5930.73,132,3.5713095584815884,3,0,0,0,3,winter
2023-03-24,6362.3,6362.3,141,-7.058036544379155,4,0,0,0,3,winter
2023-03-25,7131.42,7131.42,158,-3.250187909104315,5,1,0,0,3,winter
2023-03-26,6486.37,6486.37,144,-7.5373073680129,6,1,0,0,3,winter
2023-03-27,4873.24,4873.24,108,1.024199651101757,0,0,0,0,3,winter
2023-03-28,5439.51,5439.51,121,9.76264001100061,1,0,0,0,3,winter
2023-03-29,4726.24,4726.24,105,-6.155202137763892,2,0,0,0,3,winter
2023-03-30,5561.06,5561.06,124,6.515019939279588,3,0,0,0,3,winter
2023-03-31,6664.64,6664.64,148,-1.8494163237148435,4,0,0,0,3,winter
2023-04-01,7355.71,7355.71,163,0.18049120677418218,5,1,0,0,4,spring
2023-04-02,5885.39,5885.39,131,2.7197996315140953,6,1,0,0,4,spring
2023-04-03,4851.23,4851.23,108,-0.1219850463354315,0,0,0,0,4,spring
2023-04-04,4538.78,4538.78,101,1.734593805598645,1,0,0,0,4,spring
2023-04-05,5297.09,5297.09,118,-0.16262688188669028,2,0,0,0,4,spring
2023-04-06,6148.18,6148.18,137,10.628456139399546,3,0,0,0,4,spring
2023-04-07,6603.07,6603.07,147,4.444781666448231,4,0,0,0,4,spring
2023-04-08,7161.26,7161.26,159,2.2414000098690505,5,1,0,0,4,spring
2023-04-09,6047.72,6047.72,134,5.53231129449954,6,1,0,0,4,spring
2023-04-10,4878.1,4878.1,108,4.688416661608934,0,0,0,0,4,spring
2023-04-11,4888.27,4888.27,109,4.568576500868165,1,0,0,0,4,spring
2023-04-12,5750.61,5750.61,128,7.59309047683818,2,0,0,0,4,spring
2023-04-13,5924.06,5924.06,132,8.30997679381179,3,0,0,0,4,spring
2023-04-14,,6550.12,146,4.253982679387837,4,0,0,0,4,spring
2023-04-15,6583.26,6583.26,146,4.3385099037024855,5,1,0,0,4,spring
2023-04-16,4975.53,4975.53,111,5.574794897750987,6,1,0,0,4,spring
2023-04-17,5290.93,5290.93,118,-0.949630423012457,0,0,0,0,4,spring
2023-04-18,4950.57,4950.57,110,1.9026171895475885,1,0,0,0,4,spring
2023-04-19,5056.24,5056.24,112,11.737255159885242,2,0,0,0,4,spring
2023-04-20,6030.99,6030.99,134,12.889858964070605,3,0,0,0,4,spring
2023-04-21,6084.93,6084.93,135,6.799944025926972,4,0,0,0,4,spring
2023-04-22,7429.81,7429.81,165,9.773090654002475,5,1,0,0,4,spring
2023-04-23,6284.89,6284.89,140,9.107578088219615,6,1,0,0,4,spring
2023-04-24,5110.32,5110.32,114,18.549465725698422,0,0,0,0,4,spring
2023-04-25,4566.67,4566.67,101,12.232442715815354,1,0,0,0,4,spring
2023-04-26,5932.3,5932.3,132,8.28561213020446,2,0,0,0,4,spring
2023-04-27,5807.33,5807.33,129,5.735765502410031,3,0,0,0,4,spring
2023-04-28,6067.82,6067.82,135,3.7723319842016494,4,0,0,0,4,spring
2023-04-29,6893.74,6893.74,153,10.008913346170422,5,1,0,0,4,spring
2023-04-30,5112.01,5112.01,114,7.0103153624049845,6,1,0,0,4,spring
2023-05-01,4977.22,4977.22,111,4.988597716865806,0,0,0,0,5,spring
2023-05-02,4678.81,4678.81,104,7.769276326159087,1,0,0,0,5,spring
2023-05-03,4795.21,4795.21,107,6.511494270446198,2,0,0,0,5,spring
2023-05-04,4966.11,4966.11,110,15.929596958596886,3,0,0,0,5,spring
2023-05-05,10103.99,10103.99,225,13.430674095606207,4,0,1,0,5,spring
2023-05-06,8367.42,8367.42,186,10.648273863171228,5,1,1,0,5,spring
2023-05-07,9905.39,9905.39,220,15.787807704072105,6,1,1,0,5,spring
2023-05-08,4582.11,4582.11,102,11.289149703285176,0,0,0,0,5,spring
2023-05-09,4371.87,4371.87,97,8.333633977687448,1,0,0,0,5,spring
2023-05-10,4862.03,4862.03,108,16.45166738474396,2,0,0,0,5,spring
2023-05-11,6168.57,6168.57,137,13.337589215541263,3,0,0,0,5,spring
2023-05-12,6090.89,6090.89,135,8.246950584973444,4,0,0,0,5,spring
2023-05-13,6425.81,6425.81,143,11.229722591072964,5,1,0,0,5,spring
2023-05-14,5948.62,5948.62,132,9.101688811337624,6,1,0,0,5,spring
2023-05-15,4939.46,4939.46,110,7.563753448562628,0,0,0,0,5,spring
2023-05-16,5470.76,5470.76,122,15.409406791308351,1,0,0,0,5,spring
2023-05-17,5907.52,5907.52,131,18.832281530387554,2,0,0,0,5,spring
2023-05-18,5405.22,5405.22,120,7.947384171786703,3,0,0,0,5,spring
2023-05-19,5465.21,5465.21,121,14.623820495214819,4,0,0,0,5,spring
2023-05-20,6440.23,6440.23,143,10.71265081039762,5,1,0,0,5,spring
2023-05-21,5941.12,5941.12,132,11.388094041728298,6,1,0,0,5,spring
2023-05-22,4342.02,4342.02,96,11.163729163034079,0,0,0,0,5,spring
2023-05-23,4593.5,4593.5,102,10.381043416884399,1,0,0,0,5,spring
2023-05-24,5387.35,5387.35,120,13.541458956709318,2,0,0,0,5,spring
2023-05-25,5489.53,5489.53,122,10.724629323413522,3,0,0,0,5,spring
2023-05-26,6068.9,6068.9,135,14.506729944639003,4,0,0,0,5,spring
2023-05-27,6193.2,6193.2,138,13.54445945794955,5,1,0,0,5,spring
2023-05-28,5654.07,5654.07,126,13.01807582619482,6,1,0,0,5,spring
2023-05-29,4311.54,4311.54,96,10.887913046882623,0,0,0,0,5,spring
2023-05-30,5272.37,5272.37,117,12.084987330449435,1,0,0,0,5,spring
2023-05-31,,5616.57,125,16.61581162188095,2,0,0,0,5,spring
2023-06-01,4843.24,4843.24,108,16.68853174952904,3,0,0,0,6,summer
2023-06-02,5776.86,5776.86,128,9.378071520434547,4,0,0,0,6,summer
2023-06-03,5983.67,5983.67,133,14.840183926024713,5,1,0,0,6,summer
2023-06-04,5629.44,5629.44,125,18.173882374943457,6,1,0,0,6,summer
2023-06-05,4767.3,4767.3,106,6.139072659215966,0,0,0,0,6,summer
2023-06-06,4484.94,4484.94,100,17.267759789672283,1,0,0,0,6,summer
2023-06-07,4951.99,4951.99,110,11.298388032857074,2,0,0,0,6,summer
2023-06-08,5166.99,5166.99,115,17.520718465550647,3,0,0,0,6,summer
2023-06-09,6271.9,6271.9,139,10.903301271361554,4,0,0,0,6,summer
2023-06-10,6756.26,6756.26,150,5.742696747958787,5,1,0,0,6,summer
2023-06-11,5530.12,5530.12,123,6.672529446493982,6,1,0,0,6,summer
2023-06-12,4809.93,4809.93,107,15.089412159617204,0,0,0,0,6,summer
2023-06-13,4793.81,4793.81,107,16.181945649876393,1,0,0,0,6,summer
2023-06-14,5167.43,5167.43,115,10.391685477887236,2,0,0,0,6,summer
2023-06-15,7212.48,7212.48,160,18.131747236094554,3,0,0,1,6,summer
2023-06-16,6748.02,6748.02,150,6.652274285277533,4,0,0,0,6,summer
2023-06-17,5946.56,5946.56,132,14.64613232409688,5,1,0,0,6,summer
2023-06-18,6181.21,6181.21,137,8.93366916978297,6,1,0,0,6,summer
2023-06-19,4987.84,4987.84,111,11.737346990687568,0,0,0,0,6,summer
2023-06-20,4495.49,4495.49,100,15.236854452624922,1,0,0,0,6,summer
2023-06-21,5557.24,5557.24,123,10.696683053401305,2,0,0,0,6,summer
2023-06-22,6154.15,6154.15,137,13.070416489161234,3,0,0,0,6,summer
2023-06-23,5476.37,5476.37,122,20.014659779847708,4,0,0,0,6,summer
2023-06-24,6070.51,6070.51,135,12.08429806536514,5,1,0,0,6,summer
2023-06-25,6187.5,6187.5,138,19.12834408663826,6,1,0,0,6,summer
2023-06-26,4723.51,4723.51,105,9.278045393222373,0,0,0,0,6,summer
2023-06-27,5101.32,5101.32,113,17.547873628587627,1,0,0,0,6,summer
2023-06-28,5287.65,5287.65,118,22.07455406319132,2,0,0,0,6,summer
2023-06-29,6555.2,6555.2,146,2.47194135284866,3,0,0,1,6,summer
2023-06-30,5307.35,5307.35,118,10.804745972105072,4,0,0,0,6,summer
2023-07-01,7006.42,7006.42,156,17.629258915602435,5,1,0,0,7,summer
2023-07-02,6174.07,6174.07,137,13.678978444467388,6,1,0,0,7,summer
2023-07-03,4477.91,4477.91,100,16.495887626342068,0,0,0,0,7,summer
2023-07-04,4803.87,4803.87,107,11.561847015856817,1,0,0,0,7,summer
2023-07-05,4456.56,4456.56,99,14.952015682725463,2,0,0,0,7,summer
2023-07-06,5555.11,5555.11,123,13.673672051501834,3,0,0,0,7,summer
2023-07-07,6125.9,6125.9,136,20.219677563108483,4,0,0,0,7,summer
2023-07-08,6346.26,6346.26,141,15.57731916596275,5,1,0,0,7,summer
2023-07-09,6070.96,6070.96,135,15.913437010558583,6,1,0,0,7,summer
2023-07-10,4380.01,4380.01,97,12.082032320243975,0,0,0,0,7,summer
2023-07-11,4970.62,4970.62,110,11.615189074069006,1,0,0,0,7,summer
2023-07-12,4601.62,4601.62,102,11.798068026471586,2,0,0,0,7,summer
2023-07-13,5785.85,5785.85,129,15.836621544787885,3,0,0,1,7,summer
2023-07-14,5698.49,5698.49,127,11.658831986789592,4,0,0,0,7,summer
2023-07-15,6405.77,6405.77,142,15.10794373589531,5,1,0,0,7,summer
2023-07-16,5332.8,5332.8,119,23.927341028097462,6,1,0,0,7,summer
2023-07-17,4393.33,4393.33,98,17.793212878182096,0,0,0,0,7,summer
2023-07-18,5002.32,5002.32,111,11.690742178603193,1,0,0,0,7,summer
2023-07-19,4770.77,4770.77,106,19.20625267042276,2,0,0,0,7,summer
2023-07-20,4526.28,4526.28,101,11.035217915532073,3,0,0,0,7,summer
2023-07-21,6500.57,6500.57,144,2.7565092448594015,4,0,0,0,7,summer
2023-07-22,6895.34,6895.34,153,7.774400991660385,5,1,0,0,7,summer
2023-07-23,4862.2,4862.2,108,3.3247762551666717,6,1,0,0,7,summer
2023-07-24,4623.5,4623.5,103,10.781314771073014,0,0,0,0,7,summer
2023-07-25,4444.55,4444.55,99,12.487404876806403,1,0,0,0,7,summer
2023-07-26,4982.0,4982.0,111,20.630257333065153,2,0,0,0,7,summer
2023-07-27,5813.37,5813.37,129,13.731836063634985,3,0,0,1,7,summer
2023-07-28,6208.01,6208.01,138,10.847240312694916,4,0,0,1,7,summer
2023-07-29,5745.23,5745.23,128,15.931775732098165,5,1,0,0,7,summer
2023-07-30,5057.99,5057.99,112,0.5675840754661845,6,1,0,0,7,summer
2023-07-31,4009.17,4009.17,89,12.63640198240097,0,0,0,0,7,summer
2023-08-01,5198.08,5198.08,116,15.14432838241496,1,0,0,1,8,summer
2023-08-02,4865.47,4865.47,108,3.725398933829732,2,0,0,0,8,summer
2023-08-03,4846.08,4846.08,108,16.66213352733196,3,0,0,0,8,summer
2023-08-04,5952.9,5952.9,132,12.4576357426115,4,0,0,0,8,summer
2023-08-05,6879.19,6879.19,153,8.507314582103664,5,1,0,0,8,summer
2023-08-06,5121.13,5121.13,114,13.56312773383609,6,1,0,0,8,summer
2023-08-07,4423.4,4423.4,98,21.56506543117722,0,0,0,0,8,summer
2023-08-08,4771.53,4771.53,106,10.93028923849548,1,0,0,0,8,summer
2023-08-09,5017.82,5017.82,112,11.06844828963796,2,0,0,0,8,summer
2023-08-10,5965.92,5965.92,133,7.334016200847236,3,0,0,1,8,summer
2023-08-11,5912.66,5912.66,131,5.182220371613557,4,0,0,0,8,summer
2023-08-12,6313.55,6313.55,140,13.380948082171141,5,1,0,0,8,summer
2023-08-13,4785.18,4785.18,106,4.7439418188295015,6,1,0,0,8,summer
2023-08-14,4591.45,4591.45,102,9.174609970484061,0,0,0,0,8,summer
2023-08-15,6617.95,6617.95,147,6.218296784739286,1,0,1,0,8,summer
2023-08-16,6560.75,6560.75,146,10.788738064884607,2,0,1,0,8,summer
2023-08-17,7100.76,7100.76,158,9.846917104544506,3,0,1,0,8,summer
2023-08-18,5825.49,5825.49,129,13.148650443718497,4,0,0,0,8,summer
2023-08-19,5916.57,5916.57,131,5.190853870964058,5,1,0,0,8,summer
2023-08-20,5709.34,5709.34,127,6.169252525219781,6,1,0,0,8,summer
2023-08-21,5054.67,5054.67,112,2.400272027718813,0,0,0,0,8,summer
2023-08-22,4212.32,4212.32,94,4.845926314727398,1,0,0,0,8,summer
2023-08-23,4215.06,4215.06,94,8.725102867851144,2,0,0,0,8,summer
2023-08-24,5915.04,5915.04,131,10.392724848484185,3,0,0,1,8,summer
2023-08-25,5789.13,5789.13,129,1.764178478655185,4,0,0,0,8,summer
2023-08-26,5853.45,5853.45,130,10.488368982762621,5,1,0,0,8,summer
2023-08-27,5817.99,5817.99,129,12.682043443871756,6,1,0,0,8,summer
2023-08-28,3763.13,3763.13,84,7.732793994177978,0,0,0,0,8,summer
2023-08-29,4704.49,4704.49,105,14.809685023736844,1,0,0,0,8,summer
2023-08-30,4472.14,4472.14,99,1.3152386945431371,2,0,0,0,8,summer
2023-08-31,5621.9,5621.9,125,-1.282146283189129,3,0,0,0,8,summer
2023-09-01,5901.02,5901.02,131,-1.2324618823101918,4,0,0,0,9,fall
2023-09-02,5206.35,5206.35,116,9.437506660732971,5,1,0,0,9,fall
2023-09-03,4635.09,4635.09,103,6.3846789825017645,6,1,0,0,9,fall
2023-09-04,4190.51,4190.51,93,3.769700154551922,0,0,0,0,9,fall
2023-09-05,401910.0,4019.1,89,4.638561461613434,1,0,0,0,9,fall
2023-09-06,4358.04,4358.04,97,-0.2970451042020721,2,0,0,0,9,fall
2023-09-07,5187.6,5187.6,115,11.355320330319698,3,0,0,1,9,fall
2023-09-08,4279.33,4279.33,95,3.380830620154405,4,0,0,0,9,fall
2023-09-09,5504.79,5504.79,122,3.0611481012330786,5,1,0,0,9,fall
2023-09-10,4552.41,4552.41,101,4.861327273740064,6,1,0,0,9,fall
2023-09-11,3743.86,3743.86,83,3.7903520595871707,0,0,0,0,9,fall
2023-09-12,4600.27,4600.27,102,2.677502742719158,1,0,0,0,9,fall
2023-09-13,3912.92,3912.92,87,-0.9600297446589463,2,0,0,0,9,fall
2023-09-14,4874.0,4874.0,108,2.9896124377113056,3,0,0,0,9,fall
2023-09-15,4918.66,4918.66,109,7.434212176752058,4,0,0,0,9,fall
2023-09-16,5362.5,5362.5,119,5.387932647670155,5,1,0,0,9,fall
2023-09-17,5100.47,5100.47,113,5.95595558386595,6,1,0,0,9,fall
2023-09-18,3987.15,3987.15,89,-1.316775651363621,0,0,0,0,9,fall
2023-09-19,4295.63,4295.63,95,-3.1695777808649392,1,0,0,0,9,fall
2023-09-20,4670.34,4670.34,104,-0.548394686995814,2,0,0,0,9,fall
2023-09-21,4886.69,4886.69,109,-0.20152689577800387,3,0,0,1,9,fall
2023-09-22,4769.97,4769.97,106,3.0019715665018736,4,0,0,0,9,fall
2023-09-23,4745.45,4745.45,105,-6.544747926202957,5,1,0,0,9,fall
2023-09-24,4469.2,4469.2,99,3.937703876366765,6,1,0,0,9,fall
2023-09-25,4786.69,4786.69,106,-1.944744242521288,0,0,0,0,9,fall
2023-09-26,4508.4,4508.4,100,-3.09782200665015,1,0,0,0,9,fall
2023-09-27,3666.69,3666.69,81,-5.304903912655935,2,0,0,0,9,fall
2023-09-28,3869.28,3869.28,86,-7.703176860017348,3,0,0,0,9,fall
2023-09-29,5203.25,5203.25,116,0.30179675246196824,4,0,0,0,9,fall
2023-09-30,5704.89,5704.89,127,-2.4521055619220857,5,1,0,0,9,fall
2023-10-01,4742.99,4742.99,105,-7.249963012707156,6,1,0,0,10,fall
2023-10-02,3603.34,3603.34,80,-7.519742971808992,0,0,0,0,10,fall
2023-10-03,4059.09,4059.09,90,-4.573867384426274,1,0,0,0,10,fall
2023-10-04,4442.29,4442.29,99,1.858072377083948,2,0,0,0,10,fall
2023-10-05,5099.95,5099.95,113,-4.820286895465458,3,0,0,1,10,fall
2023-10-06,3917.99,3917.99,87,-9.213936638381929,4,0,0,0,10,fall
2023-10-07,5102.76,5102.76,113,-5.269835836055499,5,1,0,0,10,fall
2023-10-08,4240.1,4240.1,94,-5.605684179862969,6,1,0,0,10,fall
2023-10-09,3736.34,3736.34,83,-13.930749376506524,0,0,0,0,10,fall
2023-10-10,4835.15,4835.15,107,-5.365167578453707,1,0,0,0,10,fall
2023-10-11,4242.87,4242.87,94,-6.1954877283087715,2,0,0,0,10,fall
2023-10-12,4454.59,4454.59,99,-3.344931595348075,3,0,0,0,10,fall
2023-10-13,5399.59,5399.59,120,0.25933283330415424,4,0,0,0,10,fall
2023-10-14,5700.96,5700.96,127,-2.3851226170751247,5,1,0,0,10,fall
2023-10-15,4718.92,4718.92,105,-7.271300734726078,6,1,0,0,10,fall
2023-10-16,3877.78,3877.78,86,-10.296201461062996,0,0,0,0,10,fall
2023-10-17,4803.29,4803.29,107,1.7392656082059839,1,0,0,0,10,fall
2023-10-18,3764.64,3764.64,84,-6.869997835059665,2,0,0,0,10,fall
2023-10-19,5253.11,5253.11,117,-7.247659633587199,3,0,0,1,10,fall
2023-10-20,4444.35,4444.35,99,-7.599044158719978,4,0,0,0,10,fall
2023-10-21,5473.71,5473.71,122,-7.08065332934494,5,1,0,0,10,fall
2023-10-22,4252.37,4252.37,94,-8.442152095508805,6,1,0,0,10,fall
2023-10-23,3594.65,3594.65,80,-10.09081326771055,0,0,0,0,10,fall
2023-10-24,3848.24,3848.24,86,-10.216702073620617,1,0,0,0,10,fall
2023-10-25,4489.4,4489.4,100,-8.715761585951526,2,0,0,0,10,fall
2023-10-26,4710.34,4710.34,105,-10.628194688166317,3,0,0,0,10,fall
2023-10-27,4350.26,4350.26,97,-11.400513557297721,4,0,0,0,10,fall
2023-10-28,5299.93,5299.93,118,-8.87450157381026,5,1,0,0,10,fall
2023-10-29,4359.92,4359.92,97,-10.281366277007034,6,1,0,0,10,fall
2023-10-30,3546.33,3546.33,79,-4.617510736606159,0,0,0,0,10,fall
2023-10-31,3491.53,3491.53,78,-18.663911386112982,1,0,0,0,10,fall
2023-11-01,4093.4,4093.4,91,-6.382601790128127,2,0,0,0,11,fall
2023-11-02,6051.35,6051.35,134,-6.05798383382981,3,0,0,1,11,fall
2023-11-03,4510.13,4510.13,100,-17.310519177998486,4,0,0,0,11,fall
2023-11-04,4735.36,4735.36,105,-11.72604613187549,5,1,0,0,11,fall
2023-11-05,4452.24,4452.24,99,-12.003289925125394,6,1,0,0,11,fall
2023-11-06,3658.4,3658.4,81,-15.635068960356719,0,0,0,0,11,fall
2023-11-07,4677.55,4677.55,104,-13.711052454698521,1,0,0,0,11,fall
2023-11-08,3699.12,3699.12,82,-14.99192189786622,2,0,0,0,11,fall
2023-11-09,3794.5,3794.5,84,-5.6174277137794,3,0,0,0,11,fall
2023-11-10,5656.59,5656.59,126,-8.504332643347404,4,0,0,0,11,fall
2023-11-11,5543.17,5543.17,123,-7.546230842866853,5,1,0,0,11,fall
2023-11-12,4383.72,4383.72,97,-9.537169409928447,6,1,0,0,11,fall
2023-11-13,3563.75,3563.75,79,-15.860705098871602,0,0,0,0,11,fall
2023-11-14,3196.66,3196.66,71,-13.996471659287982,1,0,0,0,11,fall
2023-11-15,4283.99,4283.99,95,-10.764064443432247,2,0,0,0,11,fall
2023-11-16,4146.33,4146.33,92,-16.6126415542527,3,0,0,0,11,fall
2023-11-17,5343.52,5343.52,119,-10.302074426387989,4,0,0,0,11,fall
2023-11-18,4996.17,4996.17,111,-13.61591720677452,5,1,0,0,11,fall
2023-11-19,4798.42,4798.42,107,-14.196534612580665,6,1,0,0,11,fall
2023-11-20,3578.62,3578.62,80,-10.70572821996152,0,0,0,0,11,fall
2023-11-21,4183.08,4183.08,93,-11.719305354649569,1,0,0,0,11,fall
2023-11-22,4024.34,4024.34,89,-14.524080392172662,2,0,0,0,11,fall
2023-11-23,4422.01,4422.01,98,-9.573156683142805,3,0,0,0,11,fall
2023-11-24,5472.94,5472.94,122,-17.15388146020325,4,0,1,0,11,fall
2023-11-25,8052.08,8052.08,179,-11.605950761599031,5,1,1,0,11,fall
2023-11-26,7485.5,7485.5,166,-11.786750197662954,6,1,1,0,11,fall
2023-11-27,384113.0,3841.13,85,-14.896182297276368,0,0,0,0,11,fall
2023-11-28,4165.49,4165.49,93,-12.873748891429297,1,0,0,0,11,fall
2023-11-29,3474.24,3474.24,77,-18.22359878238248,2,0,0,0,11,fall
2023-11-30,4521.02,4521.02,100,-11.061327086833305,3,0,0,0,11,fall
2023-12-01,4984.76,4984.76,111,-15.766274837207483,4,0,0,0,12,winter
2023-12-02,6616.51,6616.51,147,-18.661240120448678,5,1,0,0,12,winter
2023-12-03,4882.08,4882.08,108,-5.639023706168702,6,1,0,0,12,winter
2023-12-04,4344.01,4344.01,97,-20.321588982985226,0,0,0,0,12,winter
2023-12-05,3667.85,3667.85,82,-26.256244215057293,1,0,0,0,12,winter
2023-12-06,3672.97,3672.97,82,-27.553682728801782,2,0,0,0,12,winter
2023-12-07,5864.82,5864.82,130,-9.590075331605192,3,0,0,0,12,winter
2023-12-08,4299.4,4299.4,96,-25.364449978818044,4,0,0,0,12,winter
2023-12-09,6721.9,6721.9,149,-0.12061342983002632,5,1,0,0,12,winter
2023-12-10,3983.43,3983.43,89,-32.138633981821805,6,1,0,0,12,winter
2023-12-11,5088.87,5088.87,113,-0.6930274510681187,0,0,0,0,12,winter
2023-12-12,,5081.1,113,-13.108232066546666,1,0,0,0,12,winter
2023-12-13,4199.04,4199.04,93,-15.70479533793115,2,0,0,0,12,winter
2023-12-14,4169.89,4169.89,93,-19.46757205658504,3,0,0,0,12,winter
2023-12-15,5649.23,5649.23,126,-11.623749240045292,4,0,0,0,12,winter
2023-12-16,5256.53,5256.53,117,-15.282379933187952,5,1,0,0,12,winter
2023-12-17,5474.8,5474.8,122,-5.789013383637823,6,1,0,0,12,winter
2023-12-18,4905.14,4905.14,109,-14.041297138126696,0,0,0,0,12,winter
2023-12-19,4561.84,4561.84,101,-13.746235200972087,1,0,0,0,12,winter
2023-12-20,4465.4,4465.4,99,-18.02996286449165,2,0,0,0,12,winter
2023-12-21,4747.75,4747.75,106,-15.471074394040592,3,0,0,0,12,winter
2023-12-22,6216.48,6216.48,138,-12.423735427828092,4,0,0,0,12,winter
2023-12-23,3845.78,3845.78,85,-29.227934589472014,5,1,0,0,12,winter
2023-12-24,3911.03,3911.03,87,-26.19475311416994,6,1,0,0,12,winter
2023-12-25,4601.34,4601.34,102,-8.744917492018395,0,0,0,0,12,winter
2023-12-26,5261.3,5261.3,117,-13.489389952343096,1,0,0,0,12,winter
2023-12-27,4363.87,4363.87,97,-16.416527610874645,2,0,0,0,12,winter
2023-12-28,4550.87,4550.87,101,-14.695371317432018,3,0,0,0,12,winter
2023-12-29,6194.36,6194.36,138,-11.913727424562536,4,0,0,0,12,winter
2023-12-30,5478.46,5478.46,122,-19.26510458719273,5,1,0,0,12,winter
2023-12-31,4578.63,4578.63,102,-21.20546976576008,6,1,0,0,12,winter
